,income,age,years_with_bank,nbr_children,marital_status_1,marital_status_2,marital_status_3,marital_status_4
0,0.1541845970828792,0.1843123709844537,0.4085392190797872,0.2585907576728866,0,1,0,0
1,-0.726524210283054,1.4930703664729232,-1.0874352743153162,-0.6482979558559694,0,1,0,0
2,-0.1883658431113302,-0.2344901875718565,1.5305200891261146,-0.6482979558559694,1,0,0,0
3,1.1237979056989014,0.603114929540764,-0.3394480276177645,-0.6482979558559694,1,0,0,0
4,0.9834792960218732,0.8648665286384578,1.9045137124748903,1.165479471201743,0,0,0,1
5,-0.3174193107140948,0.5507646097212251,-0.3394480276177645,1.165479471201743,0,1,0,0
6,-1.0241492638851,-1.3861972236017095,-1.0874352743153162,-0.6482979558559694,1,0,0,0
7,-0.9372274276400816,1.9118729250292332,1.5305200891261146,-0.6482979558559694,0,1,0,0
8,0.775659955035857,-0.0774392281132402,-1.0874352743153162,3.886145611788311,0,0,0,1
9,-0.59057647573084,0.1843123709844537,0.782532842428563,0.2585907576728866,0,1,0,0
10,0.1397201546595247,-0.7056430659477055,1.5305200891261146,-0.6482979558559694,1,0,0,0
11,-1.0241492638851,-1.4385475434212485,-1.461428897664092,-0.6482979558559694,1,0,0,0
12,-0.2300919293544028,0.0796117313453761,-1.0874352743153162,-0.6482979558559694,0,1,0,0
13,-0.6241465991121458,-0.8626940254063219,0.4085392190797872,-0.6482979558559694,1,0,0,0
14,0.0280600664194232,0.4460639700821476,-1.0874352743153162,1.165479471201743,0,1,0,0
15,-1.0241492638851,-1.4385475434212485,-1.461428897664092,-0.6482979558559694,1,0,0,0
16,-0.5502923276732732,-0.0774392281132402,-1.0874352743153162,0.2585907576728866,0,0,0,1
17,-1.0241492638851,-1.333846903782171,-0.7134416509665403,-0.6482979558559694,1,0,0,0
18,-0.7378344129256147,1.2313187673752293,0.782532842428563,-0.6482979558559694,0,1,0,0
19,-0.0772014211224964,-1.2814965839626322,-0.3394480276177645,-0.6482979558559694,1,0,0,0
20,0.1701810988283336,0.3937136502626088,-1.461428897664092,0.2585907576728866,0,1,0,0
21,-0.8818479892030013,1.964223244848772,-1.461428897664092,-0.6482979558559694,0,1,0,0
22,1.991754572236768,0.8125162088189191,1.5305200891261146,-0.6482979558559694,0,1,0,0
23,-0.1457385455023165,0.1843123709844537,0.782532842428563,-0.6482979558559694,1,0,0,0
24,-0.1529482364298452,-0.0250889082937014,-0.7134416509665403,1.165479471201743,0,0,0,1
25,-0.731570993932324,1.6501213259315397,0.0345455957310113,-0.6482979558559694,0,1,0,0
26,-0.8812622018151397,-1.072095304684477,-1.0874352743153162,0.2585907576728866,0,1,0,0
27,-0.6196856028507374,-0.7579933857672444,1.1565264657773389,0.2585907576728866,0,1,0,0
28,0.3575880023757839,0.7078155691798415,0.782532842428563,0.2585907576728866,0,1,0,0
29,-0.0440368428558641,1.1266181277361518,0.0345455957310113,-0.6482979558559694,0,1,0,0
30,0.0719941205090515,0.9172168484579966,-1.461428897664092,-0.6482979558559694,0,1,0,0
31,2.4043741961328973,0.4984142899016863,-0.7134416509665403,0.2585907576728866,0,1,0,0
32,1.526143720023302,-0.600942426308628,-1.0874352743153162,1.165479471201743,0,1,0,0
33,0.6129011823468956,0.1843123709844537,0.782532842428563,0.2585907576728866,0,1,0,0
34,0.7778679228824127,-0.129789547932779,-1.461428897664092,-0.6482979558559694,1,0,0,0
35,0.0728052107383985,-0.5485921064890893,-0.7134416509665403,1.165479471201743,0,1,0,0
36,-1.0241492638851,-1.4385475434212485,1.1565264657773389,-0.6482979558559694,1,0,0,0
37,-0.0480021728660049,0.603114929540764,0.0345455957310113,0.2585907576728866,0,1,0,0
38,-0.4316929119154253,0.2890130106235312,1.5305200891261146,-0.6482979558559694,1,0,0,0
39,-0.0017249692249298,-0.9150443452258608,0.0345455957310113,-0.6482979558559694,1,0,0,0
40,-0.5724170667071271,-0.3915411470304729,0.4085392190797872,-0.6482979558559694,0,1,0,0
41,0.9277393730384164,-0.6532927461281668,-1.461428897664092,2.072368184730599,0,1,0,0
42,0.0818623849661065,0.4984142899016863,-0.7134416509665403,0.2585907576728866,0,1,0,0
43,-0.2114368540794222,-0.3391908272109341,0.782532842428563,1.165479471201743,0,1,0,0
44,-0.5625488022500721,0.4984142899016863,-0.7134416509665403,-0.6482979558559694,1,0,0,0
45,-0.6631690512573951,2.06892388448785,-0.7134416509665403,-0.6482979558559694,0,1,0,0
46,0.0775816309778863,0.0796117313453761,0.0345455957310113,0.2585907576728866,0,1,0,0
47,-0.6829957013080992,-1.0197449848649385,-0.7134416509665403,0.2585907576728866,0,0,0,1
48,-0.2536586065737624,0.2366626908039924,1.1565264657773389,1.165479471201743,0,0,1,0
49,1.0974374732451244,0.0272614115258373,-0.3394480276177645,0.2585907576728866,0,1,0,0
50,-1.0241492638851,-1.5432481830603262,0.4085392190797872,-0.6482979558559694,1,0,0,0
51,-1.0241492638851,-1.5432481830603262,0.4085392190797872,-0.6482979558559694,1,0,0,0
52,1.684171133041073,0.7078155691798415,0.782532842428563,1.165479471201743,0,1,0,0
53,-0.1309136185325855,0.6554652493603027,0.4085392190797872,0.2585907576728866,0,1,0,0
54,0.0787532057536097,0.1843123709844537,0.782532842428563,-0.6482979558559694,1,0,0,0
55,0.0738866643775278,1.074267807916613,-0.3394480276177645,-0.6482979558559694,1,0,0,0
56,0.5292237070192651,0.4984142899016863,-0.7134416509665403,0.2585907576728866,0,1,0,0
57,-0.7402676836136557,1.807172285390156,1.1565264657773389,-0.6482979558559694,1,0,0,0
58,1.3013365447892966,-0.1821398677523177,0.0345455957310113,-0.6482979558559694,1,0,0,0
59,-0.6936299954262041,-0.7579933857672444,1.1565264657773389,0.2585907576728866,0,1,0,0
60,0.2854910931004965,-0.3915411470304729,0.4085392190797872,2.072368184730599,0,1,0,0
61,-1.0241492638851,-1.4385475434212485,-1.461428897664092,-0.6482979558559694,1,0,0,0
62,-0.3371558396282047,-0.7056430659477055,0.0345455957310113,-0.6482979558559694,1,0,0,0
63,-0.2472149453072836,0.9172168484579966,-1.461428897664092,-0.6482979558559694,1,0,0,0
64,5.471647080113407,0.8125162088189191,0.4085392190797872,-0.6482979558559694,0,1,0,0
65,0.232364683078269,-0.4438914668500117,-0.3394480276177645,-0.6482979558559694,1,0,0,0
66,0.2146558797375266,0.34136333044307,1.9045137124748903,-0.6482979558559694,1,0,0,0
67,-0.7633386945817476,-0.3915411470304729,0.4085392190797872,1.165479471201743,0,1,0,0
68,-1.0241492638851,-1.4385475434212485,1.1565264657773389,-0.6482979558559694,1,0,0,0
69,-0.5315020706934014,-1.2814965839626322,-0.3394480276177645,-0.6482979558559694,1,0,0,0
70,-0.3156168879822126,-0.0774392281132402,-1.0874352743153162,-0.6482979558559694,1,0,0,0
71,-0.3034955951103049,-0.6532927461281668,-1.461428897664092,2.072368184730599,0,1,0,0
72,-0.8243056434876626,1.1789684475556903,0.4085392190797872,-0.6482979558559694,0,1,0,0
73,-0.4655784592748104,0.9172168484579966,-1.461428897664092,-0.6482979558559694,0,1,0,0
74,-0.612791335901288,1.2313187673752293,0.782532842428563,-0.6482979558559694,0,1,0,0
75,-0.6893041808696868,-0.2868405073913953,1.1565264657773389,0.2585907576728866,0,1,0,0
76,-0.2600572072719442,-0.4438914668500117,0.0345455957310113,-0.6482979558559694,0,1,0,0
77,-0.6802019460736818,0.5507646097212251,-0.3394480276177645,-0.6482979558559694,0,1,0,0
78,-1.0241492638851,-1.4908978632407872,0.782532842428563,-0.6482979558559694,1,0,0,0
79,-0.9348392175203376,-0.7579933857672444,1.1565264657773389,-0.6482979558559694,1,0,0,0
80,2.648692597439528,-0.0774392281132402,-1.0874352743153162,0.2585907576728866,0,1,0,0
81,0.1104758458347362,0.7078155691798415,0.782532842428563,0.2585907576728866,0,0,1,0
82,0.5755910317969344,-0.0250889082937014,-0.7134416509665403,-0.6482979558559694,1,0,0,0
83,-1.0241492638851,-1.4385475434212485,1.1565264657773389,-0.6482979558559694,1,0,0,0
84,0.0171103483232389,1.3883697268338455,1.9045137124748903,-0.6482979558559694,0,1,0,0
85,-0.197287835634147,-0.2344901875718565,0.4085392190797872,1.165479471201743,0,1,0,0
86,-0.4435438413775507,0.9695671682775354,-1.0874352743153162,-0.6482979558559694,0,1,0,0
87,0.764935539781158,0.5507646097212251,-0.3394480276177645,0.2585907576728866,0,1,0,0
88,1.4569306871190264,-0.6532927461281668,-1.461428897664092,-0.6482979558559694,1,0,0,0
89,1.195444209291218,0.34136333044307,1.9045137124748903,-0.6482979558559694,0,1,0,0
90,-0.6748847990146294,-0.0774392281132402,-1.0874352743153162,1.165479471201743,0,0,0,1
91,-1.0241492638851,-1.5432481830603262,0.4085392190797872,-0.6482979558559694,1,0,0,0
92,-1.0241492638851,-1.4385475434212485,1.1565264657773389,-0.6482979558559694,1,0,0,0
93,0.0813667187148389,-0.129789547932779,-1.461428897664092,-0.6482979558559694,1,0,0,0
94,-1.0241492638851,-1.3861972236017095,-1.0874352743153162,-0.6482979558559694,1,0,0,0
95,0.413733470473914,0.0796117313453761,0.0345455957310113,-0.6482979558559694,1,0,0,0
96,-1.0241492638851,-1.333846903782171,-0.7134416509665403,-0.6482979558559694,1,0,0,0
97,-0.0327717007816005,0.0796117313453761,0.0345455957310113,-0.6482979558559694,1,0,0,0
98,-0.361263243667129,1.5977710061120007,-0.3394480276177645,-0.6482979558559694,0,1,0,0
99,1.5530448792966438,-0.600942426308628,-1.0874352743153162,2.072368184730599,0,0,0,1
100,0.2766141611459767,1.807172285390156,1.1565264657773389,-0.6482979558559694,0,1,0,0
101,-0.3243586382318412,0.7601658889993803,1.1565264657773389,1.165479471201743,0,1,0,0
102,-0.0844111120500251,-0.3391908272109341,0.782532842428563,1.165479471201743,0,1,0,0
103,0.3745307760554765,0.9172168484579966,-1.461428897664092,-0.6482979558559694,0,1,0,0
104,-0.6271656571880485,-0.3915411470304729,0.4085392190797872,1.165479471201743,0,1,0,0
105,0.0215262840163503,1.1266181277361518,0.0345455957310113,-0.6482979558559694,0,0,1,0
106,1.5768819199257855,0.7601658889993803,1.1565264657773389,0.2585907576728866,0,0,0,1
107,-0.8441773541066637,2.330675483585544,1.1565264657773389,-0.6482979558559694,0,1,0,0
108,3.042476903787488,0.6554652493603027,0.4085392190797872,-0.6482979558559694,0,0,0,1
109,-0.6027878897393419,0.1843123709844537,0.782532842428563,-0.6482979558559694,1,0,0,0
110,-0.6619524159133746,-1.072095304684477,-1.0874352743153162,-0.6482979558559694,1,0,0,0
111,-0.9773313334244602,1.9118729250292332,1.9045137124748903,-0.6482979558559694,0,1,0,0
112,-0.6864203044986753,2.3830258034050824,1.5305200891261146,-0.6482979558559694,0,1,0,0
113,0.5115149036785226,0.34136333044307,-0.7134416509665403,-0.6482979558559694,1,0,0,0
114,-0.3537831893298179,-0.4962417866695505,-0.3394480276177645,2.072368184730599,0,1,0,0
115,-0.8923471016162151,-0.7056430659477055,1.5305200891261146,1.165479471201743,0,0,0,1
116,2.7760337634470043,0.0272614115258373,-0.3394480276177645,2.9792568982594547,0,0,0,1
117,-0.4863513812597527,0.9172168484579966,-1.461428897664092,-0.6482979558559694,0,1,0,0
118,2.729170772418067,0.8125162088189191,1.5305200891261146,0.2585907576728866,0,0,0,1
119,0.9540096843555992,-0.3391908272109341,0.782532842428563,1.165479471201743,0,1,0,0
120,2.082010890535768,0.4984142899016863,-0.7134416509665403,0.2585907576728866,0,0,1,0
121,-0.2841646113108684,-0.5485921064890893,-0.7134416509665403,2.072368184730599,0,1,0,0
122,0.0696960315259017,0.6554652493603027,0.4085392190797872,0.2585907576728866,0,0,1,0
123,0.3581287291953486,0.1843123709844537,0.0345455957310113,3.886145611788311,0,0,0,1
124,-1.0241492638851,-1.4908978632407872,0.782532842428563,-0.6482979558559694,1,0,0,0
125,-0.4463375966119681,1.2313187673752293,0.782532842428563,-0.6482979558559694,1,0,0,0
126,-0.7377442917890206,-1.2814965839626322,-0.3394480276177645,-0.6482979558559694,1,0,0,0
127,-0.4018177551344781,0.3937136502626088,-1.461428897664092,-0.6482979558559694,0,0,1,0
128,-0.776856865070864,-0.4962417866695505,-0.3394480276177645,2.072368184730599,0,1,0,0
129,-1.0241492638851,-1.3861972236017095,-1.0874352743153162,-0.6482979558559694,1,0,0,0
130,0.2217303889601641,0.8125162088189191,1.5305200891261146,0.2585907576728866,0,1,0,0
131,-0.4859458361450792,-0.129789547932779,-1.461428897664092,0.2585907576728866,0,1,0,0
132,-0.8993765502705556,-1.2814965839626322,-0.3394480276177645,-0.6482979558559694,1,0,0,0
133,-0.2329307451571172,0.4460639700821476,-1.0874352743153162,-0.6482979558559694,0,1,0,0
134,-0.4743202095244391,1.9118729250292332,1.9045137124748903,-0.6482979558559694,0,1,0,0
135,-0.2065703127033403,-0.7579933857672444,0.4085392190797872,-0.6482979558559694,1,0,0,0
136,0.5438233311475108,1.3883697268338455,1.9045137124748903,-0.6482979558559694,1,0,0,0
137,-0.4250690083757583,-0.2344901875718565,1.5305200891261146,2.072368184730599,0,1,0,0
138,-1.0241492638851,-1.4385475434212485,-1.461428897664092,-0.6482979558559694,1,0,0,0
139,1.5311454431042752,-0.129789547932779,-1.461428897664092,-0.6482979558559694,1,0,0,0
140,2.53820408397515,0.7601658889993803,0.782532842428563,-0.6482979558559694,0,0,1,0
141,2.3608456871579424,0.8125162088189191,1.5305200891261146,-0.6482979558559694,0,0,0,1
142,-0.471796817699804,-0.1821398677523177,1.9045137124748903,2.072368184730599,0,1,0,0
143,-0.9050091213076876,-1.0197449848649385,-0.7134416509665403,0.2585907576728866,0,1,0,0
144,0.2764789794410855,0.8648665286384578,1.9045137124748903,0.2585907576728866,0,0,0,1
145,-1.0241492638851,-1.4385475434212485,-1.461428897664092,-0.6482979558559694,1,0,0,0
146,-0.8611201277863563,2.4353761232246214,1.9045137124748903,-0.6482979558559694,0,1,0,0
147,-0.8262883084927329,1.2313187673752293,0.782532842428563,-0.6482979558559694,0,0,0,1
148,0.6886029370859474,0.9172168484579966,-1.461428897664092,-0.6482979558559694,0,1,0,0
149,0.9714931848548566,-0.4438914668500117,0.0345455957310113,0.2585907576728866,0,1,0,0
150,-0.7624374832158065,-1.2291462641430937,-1.0874352743153162,-0.6482979558559694,1,0,0,0
151,1.216757858095725,1.0219174880970745,-0.7134416509665403,-0.6482979558559694,0,1,0,0
152,-0.8976642486752675,0.603114929540764,-0.7134416509665403,-0.6482979558559694,0,1,0,0
153,3.282965156788869,0.5507646097212251,-0.3394480276177645,0.2585907576728866,0,1,0,0
154,-0.3124175876331217,1.074267807916613,-0.3394480276177645,-0.6482979558559694,0,1,0,0
155,-0.8156990749429252,1.8595226052096947,1.5305200891261146,-0.6482979558559694,0,0,1,0
156,-0.5667394351016982,-0.4438914668500117,0.0345455957310113,-0.6482979558559694,0,0,0,1
157,-0.8166904074454603,1.1789684475556903,0.4085392190797872,-0.6482979558559694,0,1,0,0
158,1.4847330577583089,0.0272614115258373,-0.3394480276177645,3.886145611788311,0,1,0,0
159,0.8187378583278413,-0.1821398677523177,1.5305200891261146,0.2585907576728866,0,1,0,0
160,0.7463255250744745,0.8125162088189191,1.5305200891261146,0.2585907576728866,0,0,0,1
161,2.8845846724746087,0.7601658889993803,1.1565264657773389,-0.6482979558559694,0,1,0,0
162,-0.8700871808774701,-0.7579933857672444,1.1565264657773389,-0.6482979558559694,1,0,0,0
163,0.2989642030213158,-0.3391908272109341,0.782532842428563,2.072368184730599,0,0,0,1
164,0.6284470784093795,-0.3391908272109341,0.782532842428563,1.165479471201743,0,1,0,0
165,2.3006447679130777,0.0272614115258373,-0.7134416509665403,2.072368184730599,0,0,0,1
166,-0.5283027703443105,1.545420686292462,-0.7134416509665403,-0.6482979558559694,0,1,0,0
167,-0.5115852995061033,-0.8626940254063219,0.4085392190797872,0.2585907576728866,0,1,0,0
168,-0.5803477267274086,0.9172168484579966,-1.461428897664092,-0.6482979558559694,0,1,0,0
169,-0.1324456778546854,-0.1821398677523177,1.9045137124748903,-0.6482979558559694,1,0,0,0
170,-0.0689553371241354,0.3937136502626088,-1.461428897664092,0.2585907576728866,0,1,0,0
171,0.6373690709321963,0.8648665286384578,1.9045137124748903,-0.6482979558559694,0,1,0,0
172,-0.5909369602772165,1.1789684475556903,0.4085392190797872,-0.6482979558559694,0,1,0,0
173,-0.7978550898972915,2.1736245241269274,0.0345455957310113,-0.6482979558559694,0,1,0,0
174,0.3274424821850544,-0.600942426308628,-1.0874352743153162,-0.6482979558559694,0,1,0,0
175,-0.7490544944315813,-0.8626940254063219,0.4085392190797872,0.2585907576728866,0,1,0,0
176,0.3501980691750669,0.7601658889993803,1.1565264657773389,1.165479471201743,0,1,0,0
177,2.1044961141159986,0.8125162088189191,1.5305200891261146,1.165479471201743,0,1,0,0
178,-0.4554398314079732,1.2313187673752293,0.782532842428563,-0.6482979558559694,0,0,0,1
179,0.3377613523250799,1.5977710061120007,-0.3394480276177645,-0.6482979558559694,0,1,0,0
180,-0.1776864884249283,-0.7579933857672444,1.1565264657773389,-0.6482979558559694,1,0,0,0
181,-1.0241492638851,-1.4908978632407872,0.782532842428563,-0.6482979558559694,1,0,0,0
182,0.9797843294215146,0.2366626908039924,0.782532842428563,-0.6482979558559694,1,0,0,0
183,-1.0241492638851,-1.3861972236017095,-1.0874352743153162,-0.6482979558559694,1,0,0,0
184,1.5718801968448126,0.8125162088189191,1.5305200891261146,1.165479471201743,0,1,0,0
185,-0.0131252930040846,1.1266181277361518,0.0345455957310113,-0.6482979558559694,0,1,0,0
186,-0.3447710756704069,1.6501213259315397,0.0345455957310113,-0.6482979558559694,0,1,0,0
187,-0.577328668651506,-0.4962417866695505,-0.3394480276177645,1.165479471201743,0,1,0,0
188,-0.4508887140099706,0.34136333044307,1.9045137124748903,-0.6482979558559694,1,0,0,0
189,0.0013391494192698,-0.6532927461281668,-1.461428897664092,1.165479471201743,0,1,0,0
190,0.3086972857734796,0.0272614115258373,-0.3394480276177645,-0.6482979558559694,1,0,0,0
191,-0.2305425350373734,-0.6532927461281668,-1.461428897664092,2.072368184730599,0,0,0,1
192,-0.1861578752647745,-1.2291462641430937,0.0345455957310113,-0.6482979558559694,1,0,0,0
193,-0.2642027795552732,-1.2291462641430937,0.0345455957310113,-0.6482979558559694,1,0,0,0
194,-0.3531523413736591,0.0272614115258373,-0.3394480276177645,2.9792568982594547,0,1,0,0
195,-0.5541675365468199,-0.8626940254063219,0.4085392190797872,-0.6482979558559694,1,0,0,0
196,-1.0241492638851,-1.4908978632407872,0.782532842428563,-0.6482979558559694,1,0,0,0
197,-0.6737132242389059,-1.2814965839626322,-0.3394480276177645,-0.6482979558559694,1,0,0,0
198,0.2291653827291782,-0.9673946650453996,-0.3394480276177645,1.165479471201743,0,1,0,0
199,0.8526234056872264,-0.6532927461281668,-1.461428897664092,2.072368184730599,0,0,1,0
200,-0.1729100681854405,1.3883697268338455,1.9045137124748903,-0.6482979558559694,0,0,1,0
201,0.664315290773835,0.6554652493603027,0.4085392190797872,0.2585907576728866,0,1,0,0
202,-1.0241492638851,-1.5432481830603262,-0.7134416509665403,-0.6482979558559694,1,0,0,0
203,-1.0241492638851,-1.333846903782171,-0.7134416509665403,-0.6482979558559694,1,0,0,0
204,0.2556609968878463,1.6501213259315397,0.0345455957310113,-0.6482979558559694,0,1,0,0
205,0.2061394323293832,0.8648665286384578,1.9045137124748903,0.2585907576728866,0,0,1,0
206,-0.4151556833504063,-1.0197449848649385,-0.7134416509665403,0.2585907576728866,0,0,0,1
207,0.2977025071089983,0.3937136502626088,-1.461428897664092,-0.6482979558559694,0,1,0,0
208,-0.7564894882005954,-0.7579933857672444,-0.3394480276177645,0.2585907576728866,0,1,0,0
209,-0.7449990432848463,1.7024716457510782,0.4085392190797872,-0.6482979558559694,0,0,0,1
210,-0.4045664498005984,-1.2291462641430937,-1.0874352743153162,-0.6482979558559694,1,0,0,0
211,-0.4332700318058223,-1.2291462641430937,0.0345455957310113,-0.6482979558559694,1,0,0,0
212,2.7663457412631374,0.7601658889993803,1.1565264657773389,-0.6482979558559694,0,1,0,0
213,0.8264432155066376,0.7601658889993803,1.1565264657773389,-0.6482979558559694,1,0,0,0
214,-0.8709433316751142,-1.2814965839626322,-0.3394480276177645,-0.6482979558559694,1,0,0,0
215,-0.1552913859812921,-0.129789547932779,-1.461428897664092,2.9792568982594547,0,0,0,1
216,-0.7640596636745005,-1.2814965839626322,-0.3394480276177645,-0.6482979558559694,1,0,0,0
217,1.203419929879797,0.0796117313453761,0.0345455957310113,2.9792568982594547,0,1,0,0
218,-0.6120253062402381,1.964223244848772,-1.461428897664092,-0.6482979558559694,0,0,0,1
219,-0.1392047630992436,-0.3391908272109341,-0.3394480276177645,2.072368184730599,0,0,1,0
220,0.4510886815921723,0.8648665286384578,1.9045137124748903,-0.6482979558559694,1,0,0,0
221,0.54643684410874,-0.129789547932779,-1.461428897664092,1.165479471201743,0,0,0,1
222,-0.4615680686963726,-0.9673946650453996,-0.3394480276177645,1.165479471201743,0,0,0,1
223,-0.4652630352967311,-0.600942426308628,-1.0874352743153162,2.072368184730599,0,1,0,0
224,-1.0241492638851,-1.3861972236017095,-1.0874352743153162,-0.6482979558559694,1,0,0,0
225,0.4426172947523261,0.2366626908039924,1.1565264657773389,3.886145611788311,0,1,0,0
226,-0.8781530226026428,1.1266181277361518,-1.0874352743153162,-0.6482979558559694,1,0,0,0
227,-0.9018098209585966,0.9695671682775354,-1.0874352743153162,-0.6482979558559694,0,1,0,0
228,1.0319194069412068,0.0796117313453761,0.0345455957310113,1.165479471201743,0,0,1,0
229,-0.7472971322679962,-1.072095304684477,-1.0874352743153162,-0.6482979558559694,0,1,0,0
230,-1.0241492638851,-1.3861972236017095,-1.0874352743153162,-0.6482979558559694,1,0,0,0
231,-0.8736920263412344,-1.1767959443235547,0.4085392190797872,-0.6482979558559694,1,0,0,0
232,-1.0241492638851,-1.4385475434212485,1.1565264657773389,-0.6482979558559694,1,0,0,0
233,-0.4786460240809563,-1.2291462641430937,0.0345455957310113,-0.6482979558559694,1,0,0,0
234,-1.0241492638851,-1.333846903782171,-0.7134416509665403,-0.6482979558559694,1,0,0,0
235,-1.0241492638851,-1.4385475434212485,0.4085392190797872,-0.6482979558559694,1,0,0,0
236,1.764424005178127,0.4984142899016863,-0.7134416509665403,1.165479471201743,0,1,0,0
237,0.3751616240116353,0.6554652493603027,0.4085392190797872,1.165479471201743,0,1,0,0
238,0.0560877399001912,0.1319620511649149,0.4085392190797872,-0.6482979558559694,1,0,0,0
239,0.0502298660215741,0.8648665286384578,1.9045137124748903,0.2585907576728866,0,1,0,0
240,-0.8641391858622589,-0.8103437055867831,0.0345455957310113,1.165479471201743,0,1,0,0
241,-0.4506183506001883,-0.3915411470304729,-0.7134416509665403,-0.6482979558559694,1,0,0,0
242,-0.8210162220019775,1.3883697268338455,0.0345455957310113,-0.6482979558559694,1,0,0,0
243,-0.1788130026323546,0.2890130106235312,0.4085392190797872,-0.6482979558559694,1,0,0,0
244,0.6087105494952695,-0.0774392281132402,-1.0874352743153162,-0.6482979558559694,1,0,0,0
245,1.2118913167196432,0.6554652493603027,0.4085392190797872,0.2585907576728866,0,0,0,1
246,4.797495917821173,0.6554652493603027,0.4085392190797872,1.165479471201743,0,0,1,0
247,0.7648904792128609,-0.2344901875718565,1.5305200891261146,-0.6482979558559694,1,0,0,0
248,-0.1544802957519451,0.7601658889993803,1.1565264657773389,0.2585907576728866,0,1,0,0
249,0.2041117067560157,1.3883697268338455,1.9045137124748903,-0.6482979558559694,0,1,0,0
250,0.1330511905515606,0.7078155691798415,0.782532842428563,1.165479471201743,0,1,0,0
251,0.1743717316799597,0.7601658889993803,0.782532842428563,-0.6482979558559694,0,1,0,0
252,-0.4918938311602904,-0.5485921064890893,-0.7134416509665403,1.165479471201743,0,0,0,1
253,0.3307319036707393,1.3883697268338455,0.4085392190797872,-0.6482979558559694,0,1,0,0
254,-0.2506846090661568,-0.2344901875718565,0.782532842428563,1.165479471201743,0,1,0,0
255,-0.4523306521954764,0.6554652493603027,0.4085392190797872,-0.6482979558559694,0,1,0,0
256,0.5758613952067166,0.7078155691798415,0.782532842428563,0.2585907576728866,0,1,0,0
257,-0.6464966409874849,0.0796117313453761,0.0345455957310113,-0.6482979558559694,0,1,0,0
258,-0.2318042309496909,1.1266181277361518,0.0345455957310113,-0.6482979558559694,0,0,0,1
259,-0.5321329186495602,1.5977710061120007,-0.3394480276177645,-0.6482979558559694,0,1,0,0
260,-0.4395785113674099,0.3937136502626088,-1.461428897664092,1.165479471201743,0,1,0,0
261,-0.6651066556941685,1.3360194070143068,1.5305200891261146,-0.6482979558559694,0,1,0,0
262,0.2401601613936595,-0.5485921064890893,-0.7134416509665403,1.165479471201743,0,0,0,1
263,0.2934668136890752,0.8125162088189191,0.4085392190797872,1.165479471201743,0,1,0,0
264,-1.0241492638851,-1.4385475434212485,1.1565264657773389,-0.6482979558559694,1,0,0,0
265,-1.0241492638851,-1.5432481830603262,0.4085392190797872,-0.6482979558559694,1,0,0,0
266,-0.137086916389282,1.1266181277361518,0.0345455957310113,-0.6482979558559694,0,1,0,0
267,-1.0241492638851,-1.4385475434212485,1.1565264657773389,-0.6482979558559694,1,0,0,0
268,0.9276492519018223,-0.4962417866695505,-0.3394480276177645,2.072368184730599,0,0,1,0
269,-0.1235236853318686,0.1319620511649149,0.4085392190797872,1.165479471201743,0,0,1,0
270,0.789628731207944,-0.129789547932779,-1.461428897664092,3.886145611788311,0,0,1,0
271,-1.0241492638851,-1.3861972236017095,-1.0874352743153162,-0.6482979558559694,1,0,0,0
272,-0.776090835409814,-1.2814965839626322,-0.3394480276177645,-0.6482979558559694,1,0,0,0
273,-1.0241492638851,-1.4385475434212485,-1.461428897664092,-0.6482979558559694,1,0,0,0
274,-0.1928268393727386,-0.1821398677523177,1.9045137124748903,-0.6482979558559694,0,1,0,0
275,0.1818067254489737,-0.600942426308628,-1.0874352743153162,1.165479471201743,0,1,0,0
276,-0.0021755749079004,1.1266181277361518,0.0345455957310113,-0.6482979558559694,1,0,0,0
277,-0.0850870205744809,-0.0250889082937014,-0.7134416509665403,0.2585907576728866,0,1,0,0
278,-0.5461467553899442,1.074267807916613,-0.3394480276177645,-0.6482979558559694,0,1,0,0
279,0.1994704682214191,-1.072095304684477,-1.0874352743153162,0.2585907576728866,0,1,0,0
280,-1.0241492638851,-1.333846903782171,-0.7134416509665403,-0.6482979558559694,1,0,0,0
281,-0.3346775083718667,1.3883697268338455,1.1565264657773389,-0.6482979558559694,0,1,0,0
282,-0.6015261938270243,1.3883697268338455,1.9045137124748903,-0.6482979558559694,0,1,0,0
283,0.1638275586984489,-0.0774392281132402,-1.0874352743153162,1.165479471201743,0,1,0,0
284,-0.217024364548257,-0.5485921064890893,-0.7134416509665403,2.072368184730599,0,1,0,0
285,-1.0241492638851,-1.4908978632407872,0.782532842428563,-0.6482979558559694,1,0,0,0
286,-0.0828790527279253,-1.0197449848649385,-0.7134416509665403,-0.6482979558559694,0,0,1,0
287,-0.211256611806234,-0.8103437055867831,0.782532842428563,1.165479471201743,0,1,0,0
288,1.6903894914660664,-0.0774392281132402,-1.0874352743153162,2.9792568982594547,0,1,0,0
289,-1.0241492638851,-1.4385475434212485,1.1565264657773389,-0.6482979558559694,1,0,0,0
290,-1.0241492638851,-1.5432481830603262,0.4085392190797872,-0.6482979558559694,1,0,0,0
291,0.6097018819978047,0.1319620511649149,0.4085392190797872,1.165479471201743,0,1,0,0
292,1.5165458189760297,-0.3915411470304729,-0.7134416509665403,1.165479471201743,0,0,0,1
293,-0.1068062144936613,-0.0250889082937014,-0.7134416509665403,-0.6482979558559694,1,0,0,0
294,2.417396700370746,0.7078155691798415,0.782532842428563,0.2585907576728866,0,1,0,0
295,-1.0241492638851,-1.333846903782171,-0.7134416509665403,-0.6482979558559694,1,0,0,0
296,-0.9107318134814134,2.1212742043073884,-0.3394480276177645,-0.6482979558559694,1,0,0,0
297,-0.1954854129022648,-0.2344901875718565,1.5305200891261146,1.165479471201743,0,1,0,0
298,-0.6546075432809547,-1.2814965839626322,-0.3394480276177645,-0.6482979558559694,1,0,0,0
299,-0.4958141006021341,-0.6532927461281668,-1.461428897664092,-0.6482979558559694,1,0,0,0
300,0.3396088356252591,-0.4438914668500117,0.0345455957310113,-0.6482979558559694,1,0,0,0
301,-0.4694536681483571,-0.129789547932779,-1.461428897664092,-0.6482979558559694,1,0,0,0
302,-0.0183072583582459,0.3937136502626088,-1.461428897664092,-0.6482979558559694,0,1,0,0
303,-0.8303888202077649,-0.9673946650453996,-0.3394480276177645,-0.6482979558559694,1,0,0,0
304,-0.3222858520901767,0.1843123709844537,0.782532842428563,-0.6482979558559694,1,0,0,0
305,-0.2243241766123798,0.7078155691798415,0.782532842428563,0.2585907576728866,0,1,0,0
306,-0.2048129505397551,-0.4962417866695505,-0.3394480276177645,2.072368184730599,0,1,0,0
307,-0.1301475888715356,0.3937136502626088,-1.461428897664092,1.165479471201743,0,0,0,1
308,0.3203679729624168,-0.3391908272109341,0.782532842428563,1.165479471201743,0,1,0,0
309,0.2046073730072834,1.3360194070143068,-0.3394480276177645,-0.6482979558559694,0,1,0,0
310,2.478273528140067,0.7601658889993803,1.1565264657773389,0.2585907576728866,0,1,0,0
311,-1.0241492638851,-1.333846903782171,-0.7134416509665403,-0.6482979558559694,1,0,0,0
312,-0.6501014864512493,2.06892388448785,-0.7134416509665403,-0.6482979558559694,1,0,0,0
313,-0.5366840360475628,-0.7579933857672444,0.0345455957310113,1.165479471201743,0,1,0,0
314,0.0160739552524067,-0.8103437055867831,0.782532842428563,-0.6482979558559694,1,0,0,0
315,-0.4631902491550665,-0.5485921064890893,-1.0874352743153162,1.165479471201743,0,1,0,0
316,-0.4871174109208026,-1.2291462641430937,0.0345455957310113,-0.6482979558559694,1,0,0,0
317,0.8628070941223607,-0.2868405073913953,1.1565264657773389,-0.6482979558559694,1,0,0,0
318,0.8085091093244099,-0.6532927461281668,-1.461428897664092,1.165479471201743,0,0,1,0
319,-0.5969750764290218,-0.0250889082937014,-0.7134416509665403,1.165479471201743,0,1,0,0
320,0.7444780417742952,0.7601658889993803,1.1565264657773389,-0.6482979558559694,1,0,0,0
321,0.5636499811982149,0.6554652493603027,0.4085392190797872,0.2585907576728866,0,1,0,0
322,0.300766625753198,-0.3391908272109341,0.782532842428563,1.165479471201743,0,0,0,1
323,-1.0241492638851,-1.3861972236017095,-1.0874352743153162,-0.6482979558559694,1,0,0,0
324,0.6396220993470491,0.5507646097212251,-0.7134416509665403,0.2585907576728866,0,0,1,0
325,0.4633000956006741,0.6554652493603027,0.4085392190797872,-0.6482979558559694,0,1,0,0
326,-1.0241492638851,-1.3861972236017095,-1.0874352743153162,-0.6482979558559694,1,0,0,0
327,2.698394404271179,0.7078155691798415,0.782532842428563,0.2585907576728866,0,1,0,0
328,-1.0241492638851,-1.4908978632407872,0.782532842428563,-0.6482979558559694,1,0,0,0
329,0.1896022037643642,1.1266181277361518,0.0345455957310113,-0.6482979558559694,1,0,0,0
330,0.3861113421078195,-0.129789547932779,-1.461428897664092,-0.6482979558559694,0,1,0,0
331,1.1603420265878126,0.1843123709844537,0.782532842428563,3.886145611788311,0,1,0,0
332,-0.88477692614231,2.06892388448785,-0.7134416509665403,-0.6482979558559694,0,1,0,0
333,-0.0893677745627011,0.1843123709844537,-1.0874352743153162,1.165479471201743,0,1,0,0
334,0.4655531240155269,-0.0774392281132402,-1.0874352743153162,-0.6482979558559694,1,0,0,0
335,1.0244844131721929,0.7601658889993803,1.1565264657773389,-0.6482979558559694,0,1,0,0
336,-0.255776453283724,-0.0774392281132402,-1.0874352743153162,-0.6482979558559694,1,0,0,0
337,-0.4819354455666413,2.225974843946466,0.4085392190797872,-0.6482979558559694,0,1,0,0
338,-0.0976138585610621,0.3937136502626088,-1.461428897664092,1.165479471201743,0,1,0,0
339,3.5349438547059986,0.3937136502626088,-1.461428897664092,-0.6482979558559694,0,1,0,0
340,-0.6141431529501997,-0.7579933857672444,1.1565264657773389,-0.6482979558559694,1,0,0,0
341,-0.2770901020882308,-0.3915411470304729,0.4085392190797872,1.165479471201743,0,1,0,0
342,-0.3581540644546321,2.3830258034050824,1.5305200891261146,-0.6482979558559694,0,0,0,1
343,-1.0241492638851,-1.4385475434212485,1.1565264657773389,-0.6482979558559694,1,0,0,0
344,-1.0241492638851,-1.5432481830603262,0.4085392190797872,-0.6482979558559694,1,0,0,0
345,0.5256639221237978,0.603114929540764,0.0345455957310113,-0.6482979558559694,0,1,0,0
346,-0.4581885260740935,-0.600942426308628,-1.0874352743153162,1.165479471201743,0,1,0,0
347,-0.4564311639105083,-0.2868405073913953,-0.3394480276177645,-0.6482979558559694,1,0,0,0
348,0.6514730288091743,-0.3391908272109341,0.782532842428563,-0.6482979558559694,1,0,0,0
349,0.9926716519544724,0.5507646097212251,-0.7134416509665403,0.2585907576728866,0,1,0,0
350,-1.0241492638851,-1.333846903782171,-0.7134416509665403,-0.6482979558559694,1,0,0,0
351,0.8350948446196721,-0.4438914668500117,0.0345455957310113,2.072368184730599,0,1,0,0
352,1.0884704201540103,-0.3391908272109341,0.0345455957310113,1.165479471201743,0,1,0,0
353,-0.7049852586370619,1.807172285390156,1.1565264657773389,-0.6482979558559694,0,1,0,0
354,-1.0241492638851,-1.3861972236017095,-1.0874352743153162,-0.6482979558559694,1,0,0,0
355,-0.4225005559828262,0.2890130106235312,1.5305200891261146,-0.6482979558559694,1,0,0,0
356,0.0120185041056718,-1.1244456245040158,-1.461428897664092,-0.6482979558559694,1,0,0,0
357,-0.7782988032563698,1.074267807916613,-0.3394480276177645,-0.6482979558559694,0,0,0,1
358,-0.6329784704983685,1.3360194070143068,1.5305200891261146,-0.6482979558559694,0,1,0,0
359,-1.0241492638851,-1.5432481830603262,0.4085392190797872,-0.6482979558559694,1,0,0,0
360,0.0024656636266962,-0.9150443452258608,0.0345455957310113,-0.6482979558559694,1,0,0,0
361,-0.5914776870967812,1.9118729250292332,1.9045137124748903,-0.6482979558559694,0,1,0,0
362,-0.0921164692288215,0.0796117313453761,0.0345455957310113,-0.6482979558559694,1,0,0,0
363,0.1215607456358116,0.1843123709844537,0.782532842428563,0.2585907576728866,0,1,0,0
364,-0.7259384228951923,-0.1821398677523177,1.9045137124748903,-0.6482979558559694,1,0,0,0
365,-0.4327743655545547,1.2313187673752293,0.782532842428563,-0.6482979558559694,0,1,0,0
366,-1.0241492638851,-1.333846903782171,-0.7134416509665403,-0.6482979558559694,1,0,0,0
367,-0.6377548907378563,0.4984142899016863,-0.7134416509665403,0.2585907576728866,0,1,0,0
368,-1.0241492638851,-1.4385475434212485,1.1565264657773389,-0.6482979558559694,1,0,0,0
369,0.1736958231555039,-1.0197449848649385,-0.7134416509665403,1.165479471201743,0,1,0,0
370,0.3580386080587545,1.1266181277361518,0.0345455957310113,-0.6482979558559694,0,1,0,0
371,-0.6619524159133746,1.964223244848772,-1.461428897664092,-0.6482979558559694,0,1,0,0
372,-1.0241492638851,-1.4385475434212485,-1.461428897664092,-0.6482979558559694,1,0,0,0
373,0.2880144849251315,-0.3391908272109341,0.782532842428563,1.165479471201743,0,0,1,0
374,1.5840465502850174,-0.1821398677523177,1.9045137124748903,-0.6482979558559694,1,0,0,0
375,1.2122518012660195,0.603114929540764,0.0345455957310113,0.2585907576728866,0,1,0,0
376,-0.4386322394331718,-0.8626940254063219,0.4085392190797872,0.2585907576728866,0,0,0,1
377,-0.7377893523573177,1.807172285390156,1.1565264657773389,-0.6482979558559694,0,1,0,0
378,-1.0241492638851,-1.4385475434212485,1.1565264657773389,-0.6482979558559694,1,0,0,0
379,-0.2218909059243389,-1.1244456245040158,-1.461428897664092,0.2585907576728866,0,1,0,0
380,-0.1148720562188341,0.34136333044307,1.9045137124748903,0.2585907576728866,0,1,0,0
381,1.4382756118440456,0.2890130106235312,1.5305200891261146,-0.6482979558559694,1,0,0,0
382,-0.7574808207031305,-0.7056430659477055,1.5305200891261146,0.2585907576728866,0,1,0,0
383,-1.0241492638851,-1.333846903782171,-0.7134416509665403,-0.6482979558559694,1,0,0,0
384,-1.0241492638851,-1.3861972236017095,-1.0874352743153162,-0.6482979558559694,1,0,0,0
385,-0.4628748251769872,-0.600942426308628,-1.0874352743153162,1.165479471201743,0,1,0,0
386,-0.6520841514563197,-0.7056430659477055,1.5305200891261146,-0.6482979558559694,0,1,0,0
387,0.3374459283470005,0.1843123709844537,0.782532842428563,-0.6482979558559694,1,0,0,0
388,1.2606017910487592,0.6554652493603027,0.4085392190797872,0.2585907576728866,0,1,0,0
389,-0.0369172730649295,0.4460639700821476,-1.0874352743153162,0.2585907576728866,0,1,0,0
390,1.658847093658128,0.7601658889993803,1.1565264657773389,-0.6482979558559694,1,0,0,0
391,-0.5419561225383182,1.7548219655706172,0.782532842428563,-0.6482979558559694,0,0,1,0
392,0.0632073096911259,0.2366626908039924,1.1565264657773389,0.2585907576728866,0,1,0,0
393,-0.3146255554796774,-0.6532927461281668,-1.461428897664092,2.072368184730599,0,1,0,0
394,-0.5271762561368842,0.1843123709844537,0.0345455957310113,-0.6482979558559694,1,0,0,0
395,-1.0241492638851,-1.4385475434212485,-0.3394480276177645,-0.6482979558559694,1,0,0,0
396,0.3462777997332232,-0.2868405073913953,-0.3394480276177645,-0.6482979558559694,0,1,0,0
397,-1.0241492638851,-1.5432481830603262,0.4085392190797872,-0.6482979558559694,1,0,0,0
398,0.8376182364443072,0.603114929540764,0.0345455957310113,0.2585907576728866,0,1,0,0
399,-0.5251485305635167,0.4984142899016863,-0.7134416509665403,0.2585907576728866,0,1,0,0
400,-0.1291111958007033,0.2890130106235312,1.5305200891261146,-0.6482979558559694,1,0,0,0
401,0.6594938099660501,0.4984142899016863,-0.7134416509665403,0.2585907576728866,0,0,0,1
402,0.4493313194285872,0.5507646097212251,-0.3394480276177645,0.2585907576728866,0,0,0,1
403,0.9527479884432818,-0.0774392281132402,-1.0874352743153162,-0.6482979558559694,0,1,0,0
404,-0.432188578166693,1.545420686292462,-0.7134416509665403,-0.6482979558559694,0,1,0,0
405,-0.6675399263822094,2.016573564668311,-1.0874352743153162,-0.6482979558559694,0,1,0,0
406,-0.4389026028429541,-0.2868405073913953,1.1565264657773389,2.072368184730599,0,0,0,1
407,-0.9141113561036924,-1.2291462641430937,-1.0874352743153162,-0.6482979558559694,1,0,0,0
408,-1.0241492638851,-1.3861972236017095,-1.0874352743153162,-0.6482979558559694,1,0,0,0
409,0.7213169096696092,0.2890130106235312,1.1565264657773389,3.886145611788311,0,0,0,1
410,1.0123631203002852,0.8648665286384578,1.9045137124748903,1.165479471201743,0,1,0,0
411,-0.4159667735797533,0.9695671682775354,-1.0874352743153162,-0.6482979558559694,0,1,0,0
412,-0.627661323439316,-0.8103437055867831,0.782532842428563,-0.6482979558559694,0,1,0,0
413,-0.6756057681073823,0.5507646097212251,-0.3394480276177645,0.2585907576728866,0,1,0,0
414,0.4946622511354242,0.7078155691798415,0.782532842428563,0.2585907576728866,0,1,0,0
415,-0.4637760365429282,-0.7056430659477055,1.5305200891261146,-0.6482979558559694,1,0,0,0
416,0.4679413341352708,0.6554652493603027,0.4085392190797872,-0.6482979558559694,0,1,0,0
417,2.4406028930437293,-0.0250889082937014,-0.7134416509665403,-0.6482979558559694,1,0,0,0
418,-0.7546420049004161,1.6501213259315397,0.0345455957310113,-0.6482979558559694,0,1,0,0
419,3.9777540593611542,0.4984142899016863,-0.7134416509665403,-0.6482979558559694,1,0,0,0
420,0.3826416783489463,-0.4438914668500117,0.0345455957310113,-0.6482979558559694,1,0,0,0
421,-0.4801780834030562,1.283669087194768,1.1565264657773389,-0.6482979558559694,0,1,0,0
422,4.736754271756744,0.603114929540764,0.0345455957310113,0.2585907576728866,0,1,0,0
423,0.1477859963846974,-0.4438914668500117,0.0345455957310113,1.165479471201743,0,0,0,1
424,-0.6518588486148345,0.9172168484579966,-1.461428897664092,-0.6482979558559694,0,1,0,0
425,-0.5711553707948095,-0.0250889082937014,-0.7134416509665403,-0.6482979558559694,1,0,0,0
426,0.052618076141318,-0.4438914668500117,0.0345455957310113,0.2585907576728866,0,1,0,0
427,0.8923668269252286,-0.1821398677523177,1.9045137124748903,1.165479471201743,0,1,0,0
428,2.228953403752464,-0.5485921064890893,-0.7134416509665403,-0.6482979558559694,1,0,0,0
429,-0.0487682025270549,0.34136333044307,0.782532842428563,-0.6482979558559694,1,0,0,0
430,-0.2395546486967843,-0.4962417866695505,-0.7134416509665403,1.165479471201743,0,0,1,0
431,-1.0241492638851,-1.333846903782171,-0.7134416509665403,-0.6482979558559694,1,0,0,0
432,-0.3302615726787553,0.9172168484579966,-1.461428897664092,-0.6482979558559694,0,1,0,0
433,-0.4581885260740935,0.1843123709844537,0.782532842428563,0.2585907576728866,0,1,0,0
434,-0.6063927352031062,-0.7579933857672444,0.782532842428563,-0.6482979558559694,0,1,0,0
435,-0.195620594607156,-1.2814965839626322,-0.3394480276177645,-0.6482979558559694,1,0,0,0
436,0.6244366878309416,0.4460639700821476,-1.0874352743153162,-0.6482979558559694,1,0,0,0
437,-0.5735886414828505,0.0796117313453761,0.0345455957310113,-0.6482979558559694,0,1,0,0
438,-1.0241492638851,-1.5432481830603262,0.4085392190797872,-0.6482979558559694,1,0,0,0
439,-1.0241492638851,-1.4385475434212485,1.1565264657773389,-0.6482979558559694,1,0,0,0
440,0.4207178585599575,0.2890130106235312,1.5305200891261146,0.2585907576728866,0,1,0,0
441,-0.0913053789994745,-0.6532927461281668,-1.461428897664092,0.2585907576728866,0,0,1,0
442,-0.1640331362309207,0.4984142899016863,-0.7134416509665403,1.165479471201743,0,1,0,0
443,-0.6183788463701229,-0.8626940254063219,0.4085392190797872,0.2585907576728866,0,1,0,0
444,-0.596299167904566,-0.9150443452258608,0.0345455957310113,1.165479471201743,0,0,1,0
445,-0.7633837551500446,-1.2814965839626322,-0.3394480276177645,-0.6482979558559694,1,0,0,0
446,0.2417372812840564,1.3883697268338455,1.9045137124748903,-0.6482979558559694,0,1,0,0
447,1.636542112351086,0.6554652493603027,0.4085392190797872,-0.6482979558559694,1,0,0,0
448,-0.5853494498083818,0.7078155691798415,0.782532842428563,0.2585907576728866,0,1,0,0
449,-0.7011100497635151,-0.1821398677523177,1.9045137124748903,-0.6482979558559694,1,0,0,0
450,-0.6203615113751932,2.278325163766005,0.782532842428563,-0.6482979558559694,0,0,0,1
451,1.554396696345555,-0.3915411470304729,0.4085392190797872,1.165479471201743,0,1,0,0
452,0.9466648117231794,1.2313187673752293,0.782532842428563,-0.6482979558559694,0,1,0,0
453,1.2087370769388492,0.5507646097212251,-0.3394480276177645,0.2585907576728866,0,1,0,0
454,-0.8992413685656645,-1.072095304684477,-1.0874352743153162,0.2585907576728866,0,0,0,1
455,1.5125804889658887,-0.2344901875718565,1.5305200891261146,1.165479471201743,0,1,0,0
456,-1.0241492638851,-1.3861972236017095,-1.0874352743153162,-0.6482979558559694,1,0,0,0
457,-0.5174882339530175,1.545420686292462,-0.7134416509665403,-0.6482979558559694,0,1,0,0
458,-0.3772146848442863,1.807172285390156,1.1565264657773389,-0.6482979558559694,0,1,0,0
459,-0.1671423154434175,1.4407200466533845,-1.461428897664092,-0.6482979558559694,0,0,0,1
460,0.3351027787955536,-0.2868405073913953,1.1565264657773389,2.072368184730599,0,1,0,0
461,0.0613598263909466,1.283669087194768,1.1565264657773389,-0.6482979558559694,0,1,0,0
462,-1.0241492638851,-1.4908978632407872,0.782532842428563,-0.6482979558559694,1,0,0,0
463,-0.0161894116482844,-0.5485921064890893,-0.7134416509665403,-0.6482979558559694,1,0,0,0
464,-0.4275022790637993,-1.2814965839626322,-0.3394480276177645,-0.6482979558559694,1,0,0,0
465,2.46002399797976,-0.3391908272109341,0.782532842428563,1.165479471201743,0,1,0,0
466,2.485753582477378,-0.3915411470304729,-0.7134416509665403,-0.6482979558559694,1,0,0,0
467,0.3901667932545544,-0.0250889082937014,-0.7134416509665403,-0.6482979558559694,1,0,0,0
468,-0.6797964009590083,1.2313187673752293,0.782532842428563,-0.6482979558559694,0,1,0,0
469,-1.0241492638851,-1.4908978632407872,0.782532842428563,-0.6482979558559694,1,0,0,0
470,0.2467390043650295,-0.129789547932779,-1.461428897664092,-0.6482979558559694,1,0,0,0
471,-0.1389343996894612,-0.1821398677523177,0.782532842428563,1.165479471201743,0,1,0,0
472,-0.4914882860456169,-0.7056430659477055,1.5305200891261146,-0.6482979558559694,0,1,0,0
473,-0.952457899724486,-0.9150443452258608,0.0345455957310113,-0.6482979558559694,1,0,0,0
474,-1.0241492638851,-1.5432481830603262,0.4085392190797872,-0.6482979558559694,1,0,0,0
475,-0.0482725362757873,0.34136333044307,1.9045137124748903,-0.6482979558559694,1,0,0,0
476,-1.0241492638851,-1.333846903782171,-0.7134416509665403,-0.6482979558559694,1,0,0,0
477,-1.0241492638851,-1.4908978632407872,0.782532842428563,-0.6482979558559694,1,0,0,0
478,-0.3869477675964501,-1.2814965839626322,-0.3394480276177645,-0.6482979558559694,1,0,0,0
479,3.057977739281675,0.3937136502626088,-1.461428897664092,-0.6482979558559694,0,1,0,0
480,-1.0241492638851,-1.333846903782171,-0.7134416509665403,-0.6482979558559694,1,0,0,0
481,-1.0241492638851,-1.4385475434212485,1.1565264657773389,-0.6482979558559694,1,0,0,0
482,-0.2051283745178345,1.3360194070143068,1.5305200891261146,-0.6482979558559694,0,0,0,1
483,-0.8722500881557287,-1.2291462641430937,0.0345455957310113,-0.6482979558559694,1,0,0,0
484,3.417290710882389,0.0272614115258373,-0.3394480276177645,0.2585907576728866,0,0,1,0
485,0.3350126576589595,-0.2344901875718565,-1.0874352743153162,2.072368184730599,0,1,0,0
486,0.4057126893170383,-0.3915411470304729,0.4085392190797872,2.072368184730599,0,1,0,0
487,0.2210995410040054,-0.129789547932779,-1.461428897664092,1.165479471201743,0,0,0,1
488,-0.0605740714208832,0.8125162088189191,1.1565264657773389,0.2585907576728866,0,1,0,0
489,1.9204236926225304,0.8125162088189191,1.5305200891261146,1.165479471201743,0,1,0,0
490,3.5849160249474323,0.7078155691798415,0.782532842428563,1.165479471201743,0,0,1,0
491,0.3401045018765267,0.1319620511649149,-1.0874352743153162,-0.6482979558559694,1,0,0,0
492,0.1396300335229305,1.7024716457510782,0.4085392190797872,-0.6482979558559694,0,1,0,0
493,-0.8356158461302233,-0.8103437055867831,0.782532842428563,0.2585907576728866,0,1,0,0
494,1.3434231155787455,-0.3915411470304729,0.4085392190797872,2.072368184730599,0,0,0,1
495,1.838638761163376,0.1843123709844537,0.782532842428563,-0.6482979558559694,1,0,0,0
496,-0.3232771845927119,1.5977710061120007,-0.3394480276177645,-0.6482979558559694,0,1,0,0
497,-0.7435120445310436,2.1736245241269274,0.0345455957310113,-0.6482979558559694,0,1,0,0
498,1.511228671916977,0.0796117313453761,0.0345455957310113,3.886145611788311,0,0,1,0
499,-0.6951169941800068,-1.2291462641430937,0.0345455957310113,-0.6482979558559694,1,0,0,0
500,-0.1661509829408823,-0.2344901875718565,1.5305200891261146,2.072368184730599,0,1,0,0
501,-0.7173318543504549,0.9172168484579966,-1.461428897664092,-0.6482979558559694,1,0,0,0
502,1.2689830567520113,-0.4962417866695505,-0.3394480276177645,1.165479471201743,0,1,0,0
503,-1.0241492638851,-1.4385475434212485,1.1565264657773389,-0.6482979558559694,1,0,0,0
504,-0.5100081796157063,2.06892388448785,-0.7134416509665403,-0.6482979558559694,0,1,0,0
505,-1.0241492638851,-1.3861972236017095,-1.0874352743153162,-0.6482979558559694,1,0,0,0
506,-0.6481188214461788,-1.2291462641430937,0.0345455957310113,-0.6482979558559694,1,0,0,0
507,-0.0165048356263637,1.074267807916613,-0.3394480276177645,-0.6482979558559694,0,1,0,0
508,0.4505930153409047,0.5507646097212251,-0.3394480276177645,-0.6482979558559694,0,0,1,0
509,-0.8248013097389302,-1.2814965839626322,-0.3394480276177645,-0.6482979558559694,1,0,0,0
510,0.3950783951989334,-0.9150443452258608,0.0345455957310113,0.2585907576728866,0,0,1,0
511,0.7504260367895064,-0.9673946650453996,-0.3394480276177645,0.2585907576728866,0,0,1,0
512,-0.9536294745002094,2.06892388448785,-0.7134416509665403,-0.6482979558559694,0,1,0,0
513,-0.2232877835415476,-0.2868405073913953,1.1565264657773389,2.072368184730599,0,1,0,0
514,0.5036293042265381,0.4984142899016863,-0.7134416509665403,-0.6482979558559694,0,1,0,0
515,0.2839590337783966,0.0796117313453761,0.0345455957310113,-0.6482979558559694,1,0,0,0
516,-0.0918010452507421,0.0796117313453761,0.0345455957310113,-0.6482979558559694,1,0,0,0
517,1.6063515315920591,0.34136333044307,-0.7134416509665403,2.9792568982594547,0,0,0,1
518,0.3722326870723267,0.1319620511649149,0.4085392190797872,-0.6482979558559694,1,0,0,0
519,-0.0316902471424712,0.0796117313453761,-0.3394480276177645,0.2585907576728866,0,1,0,0
520,0.939680423637136,-0.0250889082937014,-0.7134416509665403,3.886145611788311,0,1,0,0
521,-0.4240776758732231,-1.2291462641430937,0.0345455957310113,-0.6482979558559694,1,0,0,0
522,-0.7128257975207494,0.603114929540764,-0.7134416509665403,1.165479471201743,0,0,1,0
523,0.1873491753495114,-0.4438914668500117,0.0345455957310113,-0.6482979558559694,0,1,0,0
524,0.0520322887534563,1.7024716457510782,0.4085392190797872,-0.6482979558559694,0,1,0,0
525,3.169187221838806,0.3937136502626088,-1.461428897664092,-0.6482979558559694,0,1,0,0
526,0.6512026653993921,1.1789684475556903,0.4085392190797872,-0.6482979558559694,0,1,0,0
527,-0.2531629403224948,1.3360194070143068,1.5305200891261146,-0.6482979558559694,1,0,0,0
528,0.1462088764943005,0.7601658889993803,1.1565264657773389,0.2585907576728866,0,1,0,0
529,-0.5629994079330426,-1.2814965839626322,-0.3394480276177645,-0.6482979558559694,1,0,0,0
530,0.6628282920200321,1.0219174880970745,-0.7134416509665403,-0.6482979558559694,0,1,0,0
531,0.3067596813367063,0.0272614115258373,-0.3394480276177645,-0.6482979558559694,0,1,0,0
532,-1.0241492638851,-1.4908978632407872,0.782532842428563,-0.6482979558559694,1,0,0,0
533,0.2844096394613672,-0.5485921064890893,-0.7134416509665403,0.2585907576728866,0,1,0,0
534,-0.8753142067999284,0.9695671682775354,-1.0874352743153162,-0.6482979558559694,0,0,1,0
535,-0.3586497307058998,-0.600942426308628,-1.0874352743153162,2.072368184730599,0,1,0,0
536,-1.0241492638851,-1.3861972236017095,-1.0874352743153162,-0.6482979558559694,1,0,0,0
537,0.5582427130025683,0.7601658889993803,1.1565264657773389,0.2585907576728866,0,1,0,0
538,-0.4344416065815457,-1.072095304684477,-1.0874352743153162,-0.6482979558559694,0,1,0,0
539,-0.2924557558775265,-0.4962417866695505,-0.3394480276177645,1.165479471201743,0,0,0,1
540,-0.6615018102304041,-0.8626940254063219,0.4085392190797872,-0.6482979558559694,1,0,0,0
541,0.9673476125715276,-0.6532927461281668,-1.461428897664092,0.2585907576728866,0,1,0,0
542,-0.485855715008485,0.9172168484579966,-1.461428897664092,-0.6482979558559694,0,0,0,1
543,-1.0241492638851,-1.333846903782171,-0.7134416509665403,-0.6482979558559694,1,0,0,0
544,-0.6163511207967554,1.1789684475556903,0.4085392190797872,-0.6482979558559694,0,1,0,0
545,-0.2400503149480519,-1.2814965839626322,-0.3394480276177645,-0.6482979558559694,1,0,0,0
546,2.0417267424782013,0.2890130106235312,1.5305200891261146,-0.6482979558559694,1,0,0,0
547,-1.0241492638851,-1.333846903782171,-0.7134416509665403,-0.6482979558559694,1,0,0,0
548,-0.5014466716392659,-1.2814965839626322,-0.3394480276177645,-0.6482979558559694,1,0,0,0
549,-0.1392047630992436,-0.9150443452258608,0.0345455957310113,0.2585907576728866,0,1,0,0
550,-1.0241492638851,-1.333846903782171,-0.7134416509665403,-0.6482979558559694,1,0,0,0
551,0.729472872531376,0.4460639700821476,-1.0874352743153162,-0.6482979558559694,0,1,0,0
552,-0.138754157416273,1.2313187673752293,0.4085392190797872,-0.6482979558559694,0,1,0,0
553,-1.0241492638851,-1.333846903782171,-0.7134416509665403,-0.6482979558559694,1,0,0,0
554,-0.7322018418884828,1.1789684475556903,0.4085392190797872,-0.6482979558559694,0,1,0,0
555,-0.4695888498532483,-0.7056430659477055,1.5305200891261146,0.2585907576728866,0,1,0,0
556,-0.3928056414750672,-0.7056430659477055,1.5305200891261146,1.165479471201743,0,0,1,0
557,-1.0241492638851,-1.4385475434212485,1.1565264657773389,-0.6482979558559694,1,0,0,0
558,0.1524722954875911,-0.3391908272109341,0.782532842428563,-0.6482979558559694,0,1,0,0
559,0.930623249409428,0.2890130106235312,1.5305200891261146,-0.6482979558559694,1,0,0,0
560,-0.2956099956583203,0.34136333044307,1.9045137124748903,-0.6482979558559694,1,0,0,0
561,-0.6509576372488933,1.5977710061120007,-0.3394480276177645,-0.6482979558559694,0,1,0,0
562,-1.0241492638851,-1.3861972236017095,-1.0874352743153162,-0.6482979558559694,1,0,0,0
563,-0.6846629423350902,0.9695671682775354,-1.0874352743153162,-0.6482979558559694,0,1,0,0
564,0.9318398847534484,-0.129789547932779,-1.461428897664092,2.9792568982594547,0,1,0,0
565,-1.0241492638851,-1.5432481830603262,0.4085392190797872,-0.6482979558559694,1,0,0,0
566,-0.8562535864102743,1.4930703664729232,-1.0874352743153162,-0.6482979558559694,0,1,0,0
567,-0.8274148227001593,0.9695671682775354,-1.0874352743153162,-0.6482979558559694,0,1,0,0
568,-0.6187393309164992,-1.0197449848649385,-0.7134416509665403,1.165479471201743,0,1,0,0
569,0.0940287384063112,-0.5485921064890893,-0.7134416509665403,1.165479471201743,0,1,0,0
570,-0.5008608842514043,-0.1821398677523177,0.4085392190797872,1.165479471201743,0,1,0,0
571,1.203510051016391,0.2366626908039924,1.1565264657773389,1.165479471201743,0,1,0,0
572,-0.7478378590875608,-1.1244456245040158,-1.461428897664092,-0.6482979558559694,1,0,0,0
573,-1.0241492638851,-1.4908978632407872,0.782532842428563,-0.6482979558559694,1,0,0,0
574,-1.0241492638851,-1.4908978632407872,0.782532842428563,-0.6482979558559694,1,0,0,0
575,1.5991418406645306,0.6554652493603027,-0.3394480276177645,1.165479471201743,0,1,0,0
576,-0.5266355293173195,2.1212742043073884,-0.3394480276177645,-0.6482979558559694,0,1,0,0
577,-0.8354806644253321,-1.2291462641430937,0.0345455957310113,-0.6482979558559694,1,0,0,0
578,0.4246381280018013,-0.5485921064890893,-0.7134416509665403,-0.6482979558559694,0,1,0,0
579,-0.1767402164906901,-1.2291462641430937,0.0345455957310113,-0.6482979558559694,1,0,0,0
580,0.2814807025220586,0.603114929540764,0.0345455957310113,1.165479471201743,0,1,0,0
581,-0.5066286369934273,1.4407200466533845,-1.461428897664092,-0.6482979558559694,0,1,0,0
582,0.770703292523181,0.8125162088189191,0.782532842428563,-0.6482979558559694,1,0,0,0
583,-0.6582574493130162,1.1789684475556903,0.4085392190797872,-0.6482979558559694,0,0,0,1
584,-0.3977623039877432,1.7548219655706172,0.782532842428563,-0.6482979558559694,0,1,0,0
585,2.853537940917938,0.3937136502626088,-1.461428897664092,1.165479471201743,0,0,1,0
586,0.1415225773914069,0.603114929540764,0.0345455957310113,0.2585907576728866,0,0,0,1
587,-0.6047705547444123,-0.0774392281132402,-1.0874352743153162,-0.6482979558559694,1,0,0,0
588,-0.1278494998883858,1.4407200466533845,-1.461428897664092,-0.6482979558559694,0,0,0,1
589,1.4421958812858895,0.3937136502626088,-1.461428897664092,-0.6482979558559694,0,1,0,0
590,-0.6876820004109928,-0.0774392281132402,-1.0874352743153162,-0.6482979558559694,1,0,0,0
591,0.3082917406588061,0.34136333044307,-0.3394480276177645,-0.6482979558559694,1,0,0,0
592,-0.0003280916077211,0.5507646097212251,-0.7134416509665403,1.165479471201743,0,1,0,0
593,0.033692637456555,-1.2291462641430937,0.0345455957310113,-0.6482979558559694,1,0,0,0
594,-1.0241492638851,-1.4908978632407872,0.782532842428563,-0.6482979558559694,1,0,0,0
595,3.217086605938575,0.4460639700821476,-1.0874352743153162,1.165479471201743,0,1,0,0
596,-0.8076782937860494,1.6501213259315397,0.0345455957310113,-0.6482979558559694,0,1,0,0
597,-0.7278309667636685,0.1319620511649149,0.4085392190797872,-0.6482979558559694,1,0,0,0
598,-1.0241492638851,-1.3861972236017095,-1.0874352743153162,-0.6482979558559694,1,0,0,0
599,1.5032078907601012,0.1843123709844537,0.782532842428563,-0.6482979558559694,1,0,0,0
600,0.3013974737093567,-0.4962417866695505,-0.3394480276177645,2.072368184730599,0,0,0,1
601,-1.0241492638851,-1.4908978632407872,0.782532842428563,-0.6482979558559694,1,0,0,0
602,0.373314140711456,-0.600942426308628,-1.0874352743153162,-0.6482979558559694,1,0,0,0
603,0.1856368737542233,1.283669087194768,-1.0874352743153162,-0.6482979558559694,0,1,0,0
604,0.7671885681960108,0.7601658889993803,1.1565264657773389,1.165479471201743,0,1,0,0
605,-1.0241492638851,-1.4385475434212485,-1.461428897664092,-0.6482979558559694,1,0,0,0
606,-0.708364801259341,-0.129789547932779,-1.461428897664092,0.2585907576728866,0,0,0,1
607,0.9617150415343956,-0.1821398677523177,1.9045137124748903,2.072368184730599,0,1,0,0
608,-0.1146467533773488,-0.0774392281132402,-1.0874352743153162,-0.6482979558559694,1,0,0,0
609,-1.0241492638851,-1.4385475434212485,1.1565264657773389,-0.6482979558559694,1,0,0,0
610,-0.7637442396964211,1.9118729250292332,1.9045137124748903,-0.6482979558559694,0,1,0,0
611,-0.0837352035255693,0.2890130106235312,1.5305200891261146,3.886145611788311,0,1,0,0
612,0.9445920255815148,1.3360194070143068,1.5305200891261146,-0.6482979558559694,0,1,0,0
613,-0.9024406689147554,1.4407200466533845,-1.461428897664092,-0.6482979558559694,0,1,0,0
614,-0.677137827429482,-0.9150443452258608,0.0345455957310113,0.2585907576728866,0,1,0,0
615,-0.1536241449543011,-0.9673946650453996,-0.3394480276177645,-0.6482979558559694,0,1,0,0
616,-0.6715052563923503,-1.2814965839626322,-0.3394480276177645,-0.6482979558559694,1,0,0,0
617,-1.0241492638851,-1.4385475434212485,-1.461428897664092,-0.6482979558559694,1,0,0,0
618,-0.4031695721833898,0.3937136502626088,-1.461428897664092,-0.6482979558559694,0,1,0,0
619,-1.0241492638851,-1.5432481830603262,0.4085392190797872,-0.6482979558559694,1,0,0,0
620,-1.0241492638851,-1.3861972236017095,-1.0874352743153162,-0.6482979558559694,1,0,0,0
621,1.2730385078987465,0.4460639700821476,-1.0874352743153162,0.2585907576728866,0,1,0,0
622,0.1721187032651069,0.1843123709844537,0.4085392190797872,2.9792568982594547,0,0,0,1
623,1.080720002406917,0.2366626908039924,1.1565264657773389,2.072368184730599,0,0,1,0
624,0.9723493356525006,0.5507646097212251,-0.3394480276177645,0.2585907576728866,0,1,0,0
625,-0.0812118117009342,1.4407200466533845,-1.461428897664092,-0.6482979558559694,0,0,0,1
626,0.2351133777443894,-0.1821398677523177,1.5305200891261146,-0.6482979558559694,1,0,0,0
627,-0.3079115308034162,0.1843123709844537,0.782532842428563,0.2585907576728866,0,1,0,0
628,1.6231140629985636,0.3937136502626088,-1.461428897664092,1.165479471201743,0,1,0,0
629,-0.2708266830949402,-1.0197449848649385,-0.7134416509665403,0.2585907576728866,0,1,0,0
630,-0.3147156766162715,0.3937136502626088,-1.461428897664092,1.165479471201743,0,1,0,0
631,-0.7606350604839244,2.1212742043073884,-0.3394480276177645,-0.6482979558559694,1,0,0,0
632,-1.0241492638851,-1.4385475434212485,1.1565264657773389,-0.6482979558559694,1,0,0,0
633,0.1536438702633145,1.1789684475556903,0.4085392190797872,-0.6482979558559694,0,1,0,0
634,-0.701785958287971,1.1789684475556903,0.4085392190797872,-0.6482979558559694,0,1,0,0
635,-0.4842335345497911,-0.4962417866695505,-0.3394480276177645,-0.6482979558559694,1,0,0,0
636,-0.5622784388402897,1.3883697268338455,1.9045137124748903,-0.6482979558559694,1,0,0,0
637,0.389806308708178,-0.0774392281132402,-1.0874352743153162,1.165479471201743,0,1,0,0
638,-0.7222434562948338,-1.0197449848649385,-0.7134416509665403,-0.6482979558559694,1,0,0,0
639,5.386798030010054,0.603114929540764,0.0345455957310113,-0.6482979558559694,0,0,1,0
640,-0.8953661596921177,2.1212742043073884,-0.3394480276177645,-0.6482979558559694,0,0,0,1
641,-1.0241492638851,-1.5432481830603262,0.4085392190797872,-0.6482979558559694,1,0,0,0
642,-0.3500882227294594,-1.1244456245040158,-1.461428897664092,-0.6482979558559694,1,0,0,0
643,-0.6809229151664347,0.0272614115258373,-0.3394480276177645,1.165479471201743,0,1,0,0
644,0.8262179126651523,0.6554652493603027,0.4085392190797872,0.2585907576728866,0,1,0,0
645,0.945448176379159,-0.600942426308628,-1.0874352743153162,1.165479471201743,0,0,1,0
646,0.5435529677377285,0.4984142899016863,-0.7134416509665403,1.165479471201743,0,1,0,0
647,0.8697914822084042,-0.5485921064890893,-0.7134416509665403,-0.6482979558559694,1,0,0,0
648,-0.6983613550973948,1.0219174880970745,-0.7134416509665403,-0.6482979558559694,0,1,0,0
649,0.3283436935509954,-0.6532927461281668,-1.461428897664092,1.165479471201743,0,1,0,0
650,-0.7362122324669207,-0.0774392281132402,-1.0874352743153162,-0.6482979558559694,0,1,0,0
651,2.094267365112567,0.5507646097212251,-0.3394480276177645,1.165479471201743,0,1,0,0
652,-0.1960712002901266,-0.3391908272109341,0.782532842428563,1.165479471201743,0,1,0,0
653,0.9851915976171612,0.0272614115258373,-0.3394480276177645,2.9792568982594547,0,1,0,0
654,0.2608880228103046,-0.600942426308628,-1.0874352743153162,1.165479471201743,0,0,1,0
655,-0.1920608097116887,-0.600942426308628,-1.0874352743153162,1.165479471201743,0,0,1,0
656,0.8140966197932447,1.2313187673752293,0.782532842428563,-0.6482979558559694,0,1,0,0
657,-0.763654118559827,1.964223244848772,-1.461428897664092,-0.6482979558559694,1,0,0,0
658,2.769229617634149,-0.2868405073913953,1.1565264657773389,-0.6482979558559694,1,0,0,0
659,0.6323222872829262,0.6554652493603027,0.4085392190797872,0.2585907576728866,0,1,0,0
660,-0.9424093929942428,-1.2814965839626322,-0.3394480276177645,-0.6482979558559694,1,0,0,0
661,-0.6928189051968571,-1.2291462641430937,0.0345455957310113,-0.6482979558559694,1,0,0,0
662,-0.3287745739249525,1.0219174880970745,-0.7134416509665403,-0.6482979558559694,1,0,0,0
663,-0.0442621456973494,-0.6532927461281668,-1.461428897664092,2.072368184730599,0,0,0,1
664,-0.2907434542822384,-0.129789547932779,-1.461428897664092,2.072368184730599,0,0,0,1
665,0.8142318014981358,-0.3391908272109341,0.782532842428563,1.165479471201743,0,1,0,0
666,-0.8051999625297114,-0.7056430659477055,1.5305200891261146,0.2585907576728866,0,0,0,1
667,-1.0241492638851,-1.4908978632407872,0.782532842428563,-0.6482979558559694,1,0,0,0
668,-0.057149468230307,0.5507646097212251,-0.7134416509665403,-0.6482979558559694,0,1,0,0
669,0.9456734792206444,-0.4962417866695505,-0.3394480276177645,1.165479471201743,0,1,0,0
670,-0.9032066985758052,-0.8626940254063219,-0.7134416509665403,-0.6482979558559694,1,0,0,0
671,0.0708225457333281,0.2366626908039924,1.1565264657773389,-0.6482979558559694,1,0,0,0
672,0.9723493356525006,-0.4962417866695505,-0.3394480276177645,2.072368184730599,0,1,0,0
673,-1.0241492638851,-1.4385475434212485,1.1565264657773389,-0.6482979558559694,1,0,0,0
674,1.573232013893724,0.8648665286384578,1.9045137124748903,0.2585907576728866,0,1,0,0
675,-0.7084999829642321,1.807172285390156,1.1565264657773389,-0.6482979558559694,0,0,1,0
676,-0.4357483630621603,-0.8103437055867831,0.782532842428563,1.165479471201743,0,1,0,0
677,0.6189392984987009,-0.5485921064890893,-0.7134416509665403,-0.6482979558559694,1,0,0,0
678,-0.6634394146671775,-0.4962417866695505,-0.3394480276177645,1.165479471201743,0,0,1,0
679,-0.5803927872957058,-0.0250889082937014,-0.7134416509665403,1.165479471201743,0,1,0,0
680,-0.6519940303197256,-0.7056430659477055,1.5305200891261146,1.165479471201743,0,0,0,1
681,-1.0241492638851,-1.4385475434212485,-1.461428897664092,-0.6482979558559694,1,0,0,0
682,-0.6446040971190086,-0.2344901875718565,0.0345455957310113,-0.6482979558559694,0,1,0,0
683,1.1057286178117824,0.603114929540764,0.0345455957310113,0.2585907576728866,0,0,0,1
684,-1.0241492638851,-1.3861972236017095,-1.0874352743153162,-0.6482979558559694,1,0,0,0
685,-0.2587504507913296,-0.129789547932779,-1.461428897664092,-0.6482979558559694,1,0,0,0
686,0.6252027174919915,1.1789684475556903,0.4085392190797872,-0.6482979558559694,0,1,0,0
687,0.0254916140264911,0.4460639700821476,-1.0874352743153162,0.2585907576728866,0,1,0,0
688,0.9919506828617194,-0.600942426308628,-1.0874352743153162,1.165479471201743,0,1,0,0
689,-1.0241492638851,-1.333846903782171,-0.7134416509665403,-0.6482979558559694,1,0,0,0
690,-0.1831838777571689,-0.1821398677523177,1.9045137124748903,2.072368184730599,0,1,0,0
691,1.9058691290625815,0.0272614115258373,-0.3394480276177645,-0.6482979558559694,0,1,0,0
692,0.0952904343186288,0.9695671682775354,-1.0874352743153162,-0.6482979558559694,0,1,0,0
693,2.3954972641783776,-0.129789547932779,-1.461428897664092,-0.6482979558559694,0,0,1,0
694,-0.659699387498522,2.1736245241269274,0.0345455957310113,-0.6482979558559694,1,0,0,0
695,-0.2502790639514833,2.016573564668311,-1.0874352743153162,-0.6482979558559694,0,1,0,0
696,0.4016121776020063,0.2366626908039924,1.1565264657773389,1.165479471201743,0,1,0,0
697,-0.8327770303275088,0.6554652493603027,0.4085392190797872,0.2585907576728866,0,1,0,0
698,-0.3726635674462837,0.34136333044307,1.9045137124748903,-0.6482979558559694,0,1,0,0
699,1.0878395721978518,0.8648665286384578,1.9045137124748903,-0.6482979558559694,0,1,0,0
700,-0.5374951262769097,2.4353761232246214,1.9045137124748903,-0.6482979558559694,0,1,0,0
701,-0.4801780834030562,1.3883697268338455,1.9045137124748903,-0.6482979558559694,0,1,0,0
702,-0.4535022269711998,0.6554652493603027,0.4085392190797872,0.2585907576728866,0,0,0,1
703,-0.1131146940552489,-0.4438914668500117,0.0345455957310113,1.165479471201743,0,1,0,0
704,0.2032555559583717,0.7601658889993803,1.1565264657773389,-0.6482979558559694,1,0,0,0
705,0.7243359677455118,-0.0774392281132402,-1.0874352743153162,1.165479471201743,0,1,0,0
706,-0.7489193127266901,-1.2291462641430937,0.0345455957310113,-0.6482979558559694,1,0,0,0
707,1.2227058531109365,0.6554652493603027,0.4085392190797872,-0.6482979558559694,0,1,0,0
708,-0.7573906995665364,1.2313187673752293,0.782532842428563,-0.6482979558559694,0,0,1,0
709,-1.0241492638851,-1.333846903782171,-0.7134416509665403,-0.6482979558559694,1,0,0,0
710,0.045183082372304,-1.072095304684477,-1.0874352743153162,-0.6482979558559694,0,1,0,0
711,1.7801501435137992,-0.6532927461281668,-1.461428897664092,2.072368184730599,0,1,0,0
712,1.3596899807339824,-0.129789547932779,-1.461428897664092,-0.6482979558559694,0,0,1,0
713,1.4941957771006904,-0.3915411470304729,0.4085392190797872,1.165479471201743,0,0,1,0
714,-0.9060905749468168,-1.072095304684477,-1.0874352743153162,-0.6482979558559694,1,0,0,0
715,-0.4763028745295095,-0.3915411470304729,0.4085392190797872,2.072368184730599,0,0,0,1
716,2.732370072767158,0.1843123709844537,0.782532842428563,-0.6482979558559694,1,0,0,0
717,0.0738866643775278,-0.4962417866695505,-0.3394480276177645,2.072368184730599,0,1,0,0
718,-1.0241492638851,-1.4385475434212485,-1.461428897664092,-0.6482979558559694,1,0,0,0
719,0.062486340598373,0.2890130106235312,1.5305200891261146,0.2585907576728866,0,1,0,0
720,0.4439691118012377,-0.4962417866695505,-0.3394480276177645,1.165479471201743,0,1,0,0
721,-1.0241492638851,-1.5432481830603262,0.4085392190797872,-0.6482979558559694,1,0,0,0
722,-1.0241492638851,-1.333846903782171,-0.7134416509665403,-0.6482979558559694,1,0,0,0
723,1.4412496093516514,0.6554652493603027,0.4085392190797872,0.2585907576728866,0,1,0,0
724,0.6256983837432591,-0.2344901875718565,0.4085392190797872,0.2585907576728866,0,0,0,1
725,1.0694097997643564,0.4984142899016863,-0.7134416509665403,0.2585907576728866,0,1,0,0
726,-0.3419773204359895,1.074267807916613,-0.3394480276177645,-0.6482979558559694,0,1,0,0
727,-0.9130299024645632,1.0219174880970745,-0.7134416509665403,-0.6482979558559694,1,0,0,0
728,-0.2888058498454651,0.3937136502626088,-1.461428897664092,0.2585907576728866,0,1,0,0
729,0.0908294380572204,-0.6532927461281668,-1.461428897664092,-0.6482979558559694,1,0,0,0
730,-0.1716033117048259,0.4460639700821476,-1.0874352743153162,-0.6482979558559694,1,0,0,0
731,-0.9198791088457154,2.3830258034050824,1.5305200891261146,-0.6482979558559694,0,1,0,0
732,0.9508103840065084,0.0272614115258373,-0.3394480276177645,-0.6482979558559694,1,0,0,0
733,-0.5824655734373703,1.2313187673752293,0.782532842428563,-0.6482979558559694,0,0,1,0
734,-1.0241492638851,-1.333846903782171,-0.7134416509665403,-0.6482979558559694,1,0,0,0
735,-0.8244858857608508,1.0219174880970745,-0.7134416509665403,-0.6482979558559694,0,0,1,0
736,0.3060837728122504,0.2890130106235312,0.0345455957310113,-0.6482979558559694,1,0,0,0
737,0.6252928386285856,-0.129789547932779,-1.461428897664092,0.2585907576728866,0,0,0,1
738,-0.4262405831514818,0.3937136502626088,-1.461428897664092,0.2585907576728866,0,1,0,0
739,-0.3093084084206249,1.2313187673752293,0.782532842428563,-0.6482979558559694,1,0,0,0
740,-0.9210056230531418,-0.4438914668500117,0.0345455957310113,-0.6482979558559694,0,1,0,0
741,-1.0241492638851,-1.4385475434212485,-1.461428897664092,-0.6482979558559694,1,0,0,0
742,-0.3574781559301763,-0.3391908272109341,0.782532842428563,0.2585907576728866,0,0,0,1
743,0.1648639517692812,0.7078155691798415,0.782532842428563,0.2585907576728866,0,1,0,0
744,1.73806357272435,0.3937136502626088,-1.461428897664092,1.165479471201743,0,1,0,0
745,-0.3437346825995747,-0.2868405073913953,1.1565264657773389,-0.6482979558559694,0,1,0,0
746,-0.218691605575248,-1.2814965839626322,-0.3394480276177645,-0.6482979558559694,1,0,0,0
